"","Accuracy","Kappa","AccuracyLower","AccuracyUpper","AccuracyNull","AccuracyPValue","McnemarPValue","model"
"confusionMatrix_Result.overall",0.996081724041422,0.995697252484712,0.99343452925751,0.997856237035869,0.197033305345648,0,NA,"D1_Subgenotype"
"confusionMatrix_Result.overall1",0.531909788867562,0.507808050315897,0.516623473072046,0.547151339304152,0.239203454894434,0,NA,"D2_Subgenotype"
"confusionMatrix_Result.overall2",0.610712313638874,0.587297241472271,0.587815064767133,0.633250236992138,0.182771949199337,0,NA,"D3_Subgenotype"
"confusionMatrix_Result.overall3",0.615450643776824,0.581485680927737,0.58682280799338,0.643493960957901,0.231759656652361,9.90403265580957e-172,NA,"D4_Subgenotype"
